address,expression,operation,bitwidth,numConstantOperands,firstOperandConst,secondOperandConst,numPowerOfTwoOperands,firstOperandPowerOfTwo,secondOperandPowerOfTwo,numIdentityOperands,firstOperandIdentity,secondOperandIdentity,numZeroElementOperands,firstOperandZeroElem,secondOperandZeroElem,numPossibleFirstOperand,numPossibleSecondOperand,serializedFirstOperandFormula,serializedSecondOperandFormula
0x4014c7,"Sub64(t19,0x0000000000000008)",Iop_Sub64,64,2,<BV64 0x7fffffffffefe18>,8,0,False,False,0,False,False,0,False,False,None,None,,
0x4014cb,"Sub64(t4,t3)",Iop_Sub64,64,2,<BV64 0x7fffffffffefe10>,<BV64 0x1f0>,0,False,False,0,False,False,0,False,False,None,None,,
0x4014d2,"Add64(t22,0xfffffffffffffe28)",Iop_Add64,64,2,<BV64 0x7fffffffffefe10>,18446744073709551144,0,False,False,0,False,False,0,False,False,None,None,,
0x4014d9,"Add64(t25,0xfffffffffffffe20)",Iop_Add64,64,2,<BV64 0x7fffffffffefe10>,18446744073709551136,0,False,False,0,False,False,0,False,False,None,None,,
0x4014e0,"Add64(t28,0xfffffffffffffe18)",Iop_Add64,64,2,<BV64 0x7fffffffffefe10>,18446744073709551128,0,False,False,0,False,False,0,False,False,None,None,,
0x4014e7,"Add64(0x0000000000000028,t31)",Iop_Add64,64,2,40,<BV64 0x710000>,0,False,False,0,False,False,0,False,False,None,None,,
0x4014f0,"Add64(t34,0xfffffffffffffff8)",Iop_Add64,64,2,<BV64 0x7fffffffffefe10>,18446744073709551608,0,False,False,0,False,False,0,False,False,None,None,,
0x4014f4,"Xor32(t12,t11)",Iop_Xor32,32,2,<BV32 0x0>,<BV32 0x0>,0,False,False,2,True,True,0,False,False,None,None,,
0x4014f6,"Add64(t44,0xffffffffffffff00)",Iop_Add64,64,2,<BV64 0x7fffffffffefe10>,18446744073709551360,0,False,False,0,False,False,0,False,False,None,None,,
0x40150a,"Sub64(t15,0x0000000000000001)",Iop_Sub64,64,2,<BV64 0x1e>,1,0,False,False,0,False,False,0,False,False,None,None,,
0x40150a,"Shl64(t51,0x03)",Iop_Shl64,64,2,<BV64 0x1>,3,0,False,False,0,False,False,0,False,False,None,None,,
0x40150a,"Add64(t17,t14)",Iop_Add64,64,2,<BV64 0x7fffffffffefd10>,<BV64 0x8>,0,False,False,0,False,False,0,False,False,None,None,,
0x40150a,"Sub64(t1,0x0000000000000001)",Iop_Sub64,64,2,<BV64 0x1d>,1,0,False,False,0,False,False,0,False,False,None,None,,
0x40150a,"Shl64(t7,0x03)",Iop_Shl64,64,2,<BV64 0x1>,3,0,False,False,0,False,False,0,False,False,None,None,,
0x40150a,"Add64(t3,t0)",Iop_Add64,64,2,<BV64 0x7fffffffffefd18>,<BV64 0x8>,0,False,False,0,False,False,0,False,False,None,None,,
0x40150a,"Sub64(t1,0x0000000000000001)",Iop_Sub64,64,2,<BV64 0x1c>,1,0,False,False,0,False,False,0,False,False,None,None,,
0x40150a,"Add64(t3,t0)",Iop_Add64,64,2,<BV64 0x7fffffffffefd20>,<BV64 0x8>,0,False,False,0,False,False,0,False,False,None,None,,
0x40150a,"Sub64(t1,0x0000000000000001)",Iop_Sub64,64,2,<BV64 0x1b>,1,0,False,False,0,False,False,0,False,False,None,None,,
0x40150a,"Add64(t3,t0)",Iop_Add64,64,2,<BV64 0x7fffffffffefd28>,<BV64 0x8>,0,False,False,0,False,False,0,False,False,None,None,,
0x40150a,"Sub64(t1,0x0000000000000001)",Iop_Sub64,64,2,<BV64 0x1a>,1,0,False,False,0,False,False,0,False,False,None,None,,
0x40150a,"Add64(t3,t0)",Iop_Add64,64,2,<BV64 0x7fffffffffefd30>,<BV64 0x8>,0,False,False,0,False,False,0,False,False,None,None,,
0x40150a,"Sub64(t1,0x0000000000000001)",Iop_Sub64,64,2,<BV64 0x19>,1,0,False,False,0,False,False,0,False,False,None,None,,
0x40150a,"Add64(t3,t0)",Iop_Add64,64,2,<BV64 0x7fffffffffefd38>,<BV64 0x8>,0,False,False,0,False,False,0,False,False,None,None,,
0x40150a,"Sub64(t1,0x0000000000000001)",Iop_Sub64,64,2,<BV64 0x18>,1,0,False,False,0,False,False,0,False,False,None,None,,
0x40150a,"Add64(t3,t0)",Iop_Add64,64,2,<BV64 0x7fffffffffefd40>,<BV64 0x8>,0,False,False,0,False,False,0,False,False,None,None,,
0x40150a,"Sub64(t1,0x0000000000000001)",Iop_Sub64,64,2,<BV64 0x17>,1,0,False,False,0,False,False,0,False,False,None,None,,
0x40150a,"Add64(t3,t0)",Iop_Add64,64,2,<BV64 0x7fffffffffefd48>,<BV64 0x8>,0,False,False,0,False,False,0,False,False,None,None,,
0x40150a,"Sub64(t1,0x0000000000000001)",Iop_Sub64,64,2,<BV64 0x16>,1,0,False,False,0,False,False,0,False,False,None,None,,
0x40150a,"Add64(t3,t0)",Iop_Add64,64,2,<BV64 0x7fffffffffefd50>,<BV64 0x8>,0,False,False,0,False,False,0,False,False,None,None,,
0x40150a,"Sub64(t1,0x0000000000000001)",Iop_Sub64,64,2,<BV64 0x15>,1,0,False,False,0,False,False,0,False,False,None,None,,
0x40150a,"Add64(t3,t0)",Iop_Add64,64,2,<BV64 0x7fffffffffefd58>,<BV64 0x8>,0,False,False,0,False,False,0,False,False,None,None,,
0x40150a,"Sub64(t1,0x0000000000000001)",Iop_Sub64,64,2,<BV64 0x14>,1,0,False,False,0,False,False,0,False,False,None,None,,
0x40150a,"Add64(t3,t0)",Iop_Add64,64,2,<BV64 0x7fffffffffefd60>,<BV64 0x8>,0,False,False,0,False,False,0,False,False,None,None,,
0x40150a,"Sub64(t1,0x0000000000000001)",Iop_Sub64,64,2,<BV64 0x13>,1,0,False,False,0,False,False,0,False,False,None,None,,
0x40150a,"Add64(t3,t0)",Iop_Add64,64,2,<BV64 0x7fffffffffefd68>,<BV64 0x8>,0,False,False,0,False,False,0,False,False,None,None,,
0x40150a,"Sub64(t1,0x0000000000000001)",Iop_Sub64,64,2,<BV64 0x12>,1,0,False,False,0,False,False,0,False,False,None,None,,
0x40150a,"Add64(t3,t0)",Iop_Add64,64,2,<BV64 0x7fffffffffefd70>,<BV64 0x8>,0,False,False,0,False,False,0,False,False,None,None,,
0x40150a,"Sub64(t1,0x0000000000000001)",Iop_Sub64,64,2,<BV64 0x11>,1,0,False,False,0,False,False,0,False,False,None,None,,
0x40150a,"Add64(t3,t0)",Iop_Add64,64,2,<BV64 0x7fffffffffefd78>,<BV64 0x8>,0,False,False,0,False,False,0,False,False,None,None,,
0x40150a,"Sub64(t1,0x0000000000000001)",Iop_Sub64,64,2,<BV64 0x10>,1,0,False,False,0,False,False,0,False,False,None,None,,
0x40150a,"Add64(t3,t0)",Iop_Add64,64,2,<BV64 0x7fffffffffefd80>,<BV64 0x8>,0,False,False,0,False,False,0,False,False,None,None,,
0x40150a,"Sub64(t1,0x0000000000000001)",Iop_Sub64,64,2,<BV64 0xf>,1,0,False,False,0,False,False,0,False,False,None,None,,
0x40150a,"Add64(t3,t0)",Iop_Add64,64,2,<BV64 0x7fffffffffefd88>,<BV64 0x8>,0,False,False,0,False,False,0,False,False,None,None,,
0x40150a,"Sub64(t1,0x0000000000000001)",Iop_Sub64,64,2,<BV64 0xe>,1,0,False,False,0,False,False,0,False,False,None,None,,
0x40150a,"Add64(t3,t0)",Iop_Add64,64,2,<BV64 0x7fffffffffefd90>,<BV64 0x8>,0,False,False,0,False,False,0,False,False,None,None,,
0x40150a,"Sub64(t1,0x0000000000000001)",Iop_Sub64,64,2,<BV64 0xd>,1,0,False,False,0,False,False,0,False,False,None,None,,
0x40150a,"Add64(t3,t0)",Iop_Add64,64,2,<BV64 0x7fffffffffefd98>,<BV64 0x8>,0,False,False,0,False,False,0,False,False,None,None,,
0x40150a,"Sub64(t1,0x0000000000000001)",Iop_Sub64,64,2,<BV64 0xc>,1,0,False,False,0,False,False,0,False,False,None,None,,
0x40150a,"Add64(t3,t0)",Iop_Add64,64,2,<BV64 0x7fffffffffefda0>,<BV64 0x8>,0,False,False,0,False,False,0,False,False,None,None,,
0x40150a,"Sub64(t1,0x0000000000000001)",Iop_Sub64,64,2,<BV64 0xb>,1,0,False,False,0,False,False,0,False,False,None,None,,
0x40150a,"Add64(t3,t0)",Iop_Add64,64,2,<BV64 0x7fffffffffefda8>,<BV64 0x8>,0,False,False,0,False,False,0,False,False,None,None,,
0x40150a,"Sub64(t1,0x0000000000000001)",Iop_Sub64,64,2,<BV64 0xa>,1,0,False,False,0,False,False,0,False,False,None,None,,
0x40150a,"Add64(t3,t0)",Iop_Add64,64,2,<BV64 0x7fffffffffefdb0>,<BV64 0x8>,0,False,False,0,False,False,0,False,False,None,None,,
0x40150a,"Sub64(t1,0x0000000000000001)",Iop_Sub64,64,2,<BV64 0x9>,1,0,False,False,0,False,False,0,False,False,None,None,,
0x40150a,"Add64(t3,t0)",Iop_Add64,64,2,<BV64 0x7fffffffffefdb8>,<BV64 0x8>,0,False,False,0,False,False,0,False,False,None,None,,
0x40150a,"Sub64(t1,0x0000000000000001)",Iop_Sub64,64,2,<BV64 0x8>,1,0,False,False,0,False,False,0,False,False,None,None,,
0x40150a,"Add64(t3,t0)",Iop_Add64,64,2,<BV64 0x7fffffffffefdc0>,<BV64 0x8>,0,False,False,0,False,False,0,False,False,None,None,,
0x40150a,"Sub64(t1,0x0000000000000001)",Iop_Sub64,64,2,<BV64 0x7>,1,0,False,False,0,False,False,0,False,False,None,None,,
0x40150a,"Add64(t3,t0)",Iop_Add64,64,2,<BV64 0x7fffffffffefdc8>,<BV64 0x8>,0,False,False,0,False,False,0,False,False,None,None,,
0x40150a,"Sub64(t1,0x0000000000000001)",Iop_Sub64,64,2,<BV64 0x6>,1,0,False,False,0,False,False,0,False,False,None,None,,
0x40150a,"Add64(t3,t0)",Iop_Add64,64,2,<BV64 0x7fffffffffefdd0>,<BV64 0x8>,0,False,False,0,False,False,0,False,False,None,None,,
0x40150a,"Sub64(t1,0x0000000000000001)",Iop_Sub64,64,2,<BV64 0x5>,1,0,False,False,0,False,False,0,False,False,None,None,,
0x40150a,"Add64(t3,t0)",Iop_Add64,64,2,<BV64 0x7fffffffffefdd8>,<BV64 0x8>,0,False,False,0,False,False,0,False,False,None,None,,
0x40150a,"Sub64(t1,0x0000000000000001)",Iop_Sub64,64,2,<BV64 0x4>,1,0,False,False,0,False,False,0,False,False,None,None,,
0x40150a,"Add64(t3,t0)",Iop_Add64,64,2,<BV64 0x7fffffffffefde0>,<BV64 0x8>,0,False,False,0,False,False,0,False,False,None,None,,
0x40150a,"Sub64(t1,0x0000000000000001)",Iop_Sub64,64,2,<BV64 0x3>,1,0,False,False,0,False,False,0,False,False,None,None,,
0x40150a,"Add64(t3,t0)",Iop_Add64,64,2,<BV64 0x7fffffffffefde8>,<BV64 0x8>,0,False,False,0,False,False,0,False,False,None,None,,
0x40150a,"Sub64(t1,0x0000000000000001)",Iop_Sub64,64,2,<BV64 0x2>,1,0,False,False,0,False,False,0,False,False,None,None,,
0x40150a,"Add64(t3,t0)",Iop_Add64,64,2,<BV64 0x7fffffffffefdf0>,<BV64 0x8>,0,False,False,0,False,False,0,False,False,None,None,,
0x40150a,"Sub64(t1,0x0000000000000001)",Iop_Sub64,64,2,<BV64 0x1>,1,0,False,False,0,False,False,0,False,False,None,None,,
0x40150a,"Add64(t3,t0)",Iop_Add64,64,2,<BV64 0x7fffffffffefdf8>,<BV64 0x8>,0,False,False,0,False,False,0,False,False,None,None,,
0x40150a,"Sub64(t1,0x0000000000000001)",Iop_Sub64,64,2,<BV64 0x0>,1,0,False,False,0,False,False,0,False,False,None,None,,
0x40150a,"Add64(t3,t0)",Iop_Add64,64,2,<BV64 0x7fffffffffefe00>,<BV64 0x8>,0,False,False,0,False,False,0,False,False,None,None,,
0x40150d,"Add64(t36,0xffffffffffffff00)",Iop_Add64,64,2,<BV64 0x7fffffffffefe10>,18446744073709551360,0,False,False,0,False,False,0,False,False,None,None,,
0x401514,"Add64(t38,0xfffffffffffffe30)",Iop_Add64,64,2,<BV64 0x7fffffffffefe10>,18446744073709551152,0,False,False,0,False,False,0,False,False,None,None,,
0x40151b,"Add64(t41,0xffffffffffffff00)",Iop_Add64,64,2,<BV64 0x7fffffffffefe10>,18446744073709551360,0,False,False,0,False,False,0,False,False,None,None,,
0x401522,"Add64(t5,t4)",Iop_Add64,64,2,<BV64 0x7fffffffffefd10>,<BV64 0x28>,0,False,False,0,False,False,0,False,False,None,None,,
0x401526,"Add64(t43,0xfffffffffffffe38)",Iop_Add64,64,2,<BV64 0x7fffffffffefe10>,18446744073709551160,0,False,False,0,False,False,0,False,False,None,None,,
0x40152d,"Add64(t46,0xffffffffffffff00)",Iop_Add64,64,2,<BV64 0x7fffffffffefe10>,18446744073709551360,0,False,False,0,False,False,0,False,False,None,None,,
0x401534,"Add64(t10,t9)",Iop_Add64,64,2,<BV64 0x7fffffffffefd10>,<BV64 0x50>,0,False,False,0,False,False,0,False,False,None,None,,
0x401538,"Add64(t48,0xfffffffffffffe40)",Iop_Add64,64,2,<BV64 0x7fffffffffefe10>,18446744073709551168,0,False,False,0,False,False,0,False,False,None,None,,
0x40153f,"Add64(t51,0xffffffffffffff00)",Iop_Add64,64,2,<BV64 0x7fffffffffefe10>,18446744073709551360,0,False,False,0,False,False,0,False,False,None,None,,
0x401546,"Add64(t15,t14)",Iop_Add64,64,2,<BV64 0x7fffffffffefd10>,<BV64 0x78>,0,False,False,0,False,False,0,False,False,None,None,,
0x40154a,"Add64(t53,0xfffffffffffffe48)",Iop_Add64,64,2,<BV64 0x7fffffffffefe10>,18446744073709551176,0,False,False,0,False,False,0,False,False,None,None,,
0x401551,"Add64(t56,0xfffffffffffffe20)",Iop_Add64,64,2,<BV64 0x7fffffffffefe10>,18446744073709551136,0,False,False,0,False,False,0,False,False,None,None,,
0x401558,"Add64(t59,0xfffffffffffffe50)",Iop_Add64,64,2,<BV64 0x7fffffffffefe10>,18446744073709551184,0,False,False,0,False,False,0,False,False,None,None,,
0x40155f,"Add64(t62,0xfffffffffffffe20)",Iop_Add64,64,2,<BV64 0x7fffffffffefe10>,18446744073709551136,0,False,False,0,False,False,0,False,False,None,None,,
0x401566,"Add64(t22,t21)",Iop_Add64,64,2,<BV64 0x7fffffffffeff60>,<BV64 0x28>,0,False,False,0,False,False,0,False,False,None,None,,
0x40156a,"Add64(t65,0xfffffffffffffe58)",Iop_Add64,64,2,<BV64 0x7fffffffffefe10>,18446744073709551192,0,False,False,0,False,False,0,False,False,None,None,,
0x401571,"Add64(t68,0xfffffffffffffe18)",Iop_Add64,64,2,<BV64 0x7fffffffffefe10>,18446744073709551128,0,False,False,0,False,False,0,False,False,None,None,,
0x401578,"Add64(t71,0xfffffffffffffe60)",Iop_Add64,64,2,<BV64 0x7fffffffffefe10>,18446744073709551200,0,False,False,0,False,False,0,False,False,None,None,,
0x40157f,"Add64(t74,0xfffffffffffffe18)",Iop_Add64,64,2,<BV64 0x7fffffffffefe10>,18446744073709551128,0,False,False,0,False,False,0,False,False,None,None,,
0x401586,"Add64(t29,t28)",Iop_Add64,64,2,<BV64 0x7fffffffffefec0>,<BV64 0x28>,0,False,False,0,False,False,0,False,False,None,None,,
0x40158a,"Add64(t77,0xfffffffffffffe68)",Iop_Add64,64,2,<BV64 0x7fffffffffefe10>,18446744073709551208,0,False,False,0,False,False,0,False,False,None,None,,
0x401591,"Add64(t80,0xfffffffffffffe50)",Iop_Add64,64,2,<BV64 0x7fffffffffefe10>,18446744073709551184,0,False,False,0,False,False,0,False,False,None,None,,
0x401598,"Add64(t83,0xfffffffffffffe30)",Iop_Add64,64,2,<BV64 0x7fffffffffefe10>,18446744073709551152,0,False,False,0,False,False,0,False,False,None,None,,
0x4015aa,"Sub64(t89,0x0000000000000008)",Iop_Sub64,64,2,<BV64 0x7fffffffffefc20>,8,0,False,False,0,False,False,0,False,False,None,None,,
0x4015aa,"Sub64(t33,0x0000000000000080)",Iop_Sub64,64,2,<BV64 0x7fffffffffefc18>,128,0,False,False,0,False,False,0,False,False,None,None,,
0x4015af,"Add64(t5,0xfffffffffffffe60)",Iop_Add64,64,2,<BV64 0x7fffffffffefe10>,18446744073709551200,0,False,False,0,False,False,0,False,False,None,None,,
0x4015b6,"Add64(t8,0xfffffffffffffe38)",Iop_Add64,64,2,<BV64 0x7fffffffffefe10>,18446744073709551160,0,False,False,0,False,False,0,False,False,None,None,,
0x4015c8,"Sub64(t14,0x0000000000000008)",Iop_Sub64,64,2,<BV64 0x7fffffffffefc20>,8,0,False,False,0,False,False,0,False,False,None,None,,
0x4015c8,"Sub64(t2,0x0000000000000080)",Iop_Sub64,64,2,<BV64 0x7fffffffffefc18>,128,0,False,False,0,False,False,0,False,False,None,None,,
0x4015cd,"Add64(t5,0xfffffffffffffe58)",Iop_Add64,64,2,<BV64 0x7fffffffffefe10>,18446744073709551192,0,False,False,0,False,False,0,False,False,None,None,,
0x4015d4,"Add64(t8,0xfffffffffffffe30)",Iop_Add64,64,2,<BV64 0x7fffffffffefe10>,18446744073709551152,0,False,False,0,False,False,0,False,False,None,None,,
0x4015e1,"Sub64(t13,0x0000000000000008)",Iop_Sub64,64,2,<BV64 0x7fffffffffefc20>,8,0,False,False,0,False,False,0,False,False,None,None,,
0x4015e1,"Sub64(t2,0x0000000000000080)",Iop_Sub64,64,2,<BV64 0x7fffffffffefc18>,128,0,False,False,0,False,False,0,False,False,None,None,,
0x4001ad,"Sub64(t13,0x0000000000000008)",Iop_Sub64,64,2,<BV64 0x7fffffffffefc18>,8,0,False,False,0,False,False,0,False,False,None,None,,
0x4001b1,"Sub64(t4,t3)",Iop_Sub64,64,2,<BV64 0x7fffffffffefc10>,<BV64 0x10>,0,False,False,0,False,False,0,False,False,None,None,,
0x4001b5,"Add64(t16,0xfffffffffffffff8)",Iop_Add64,64,2,<BV64 0x7fffffffffefc10>,18446744073709551608,0,False,False,0,False,False,0,False,False,None,None,,
0x4001b9,"Add64(t19,0xfffffffffffffff0)",Iop_Add64,64,2,<BV64 0x7fffffffffefc10>,18446744073709551600,0,False,False,0,False,False,0,False,False,None,None,,
0x4001bd,"Add64(t22,0xfffffffffffffff8)",Iop_Add64,64,2,<BV64 0x7fffffffffefc10>,18446744073709551608,0,False,False,0,False,False,0,False,False,None,None,,
0x4001c1,"Add64(t25,0xfffffffffffffff0)",Iop_Add64,64,2,<BV64 0x7fffffffffefc10>,18446744073709551600,0,False,False,0,False,False,0,False,False,None,None,,
0x4001c5,"Add64(t28,0xfffffffffffffff8)",Iop_Add64,64,2,<BV64 0x7fffffffffefc10>,18446744073709551608,0,False,False,0,False,False,0,False,False,None,None,,
0x4001cf,"Sub64(t33,0x0000000000000008)",Iop_Sub64,64,2,<BV64 0x7fffffffffefc00>,8,0,False,False,0,False,False,0,False,False,None,None,,
0x4001cf,"Sub64(t10,0x0000000000000080)",Iop_Sub64,64,2,<BV64 0x7fffffffffefbf8>,128,0,False,False,0,False,False,0,False,False,None,None,,
0x4001d5,"Add64(t0,0x0000000000000008)",Iop_Add64,64,2,<BV64 0x7fffffffffefc10>,8,0,False,False,0,False,False,0,False,False,None,None,,
0x4001d6,"Add64(t2,0x0000000000000008)",Iop_Add64,64,2,<BV64 0x7fffffffffefc18>,8,0,False,False,0,False,False,0,False,False,None,None,,
0x4001d6,"Sub64(t4,0x0000000000000080)",Iop_Sub64,64,2,<BV64 0x7fffffffffefc20>,128,0,False,False,0,False,False,0,False,False,None,None,,
0x4015e6,"Add64(t5,0xfffffffffffffe68)",Iop_Add64,64,2,<BV64 0x7fffffffffefe10>,18446744073709551208,0,False,False,0,False,False,0,False,False,None,None,,
0x4015ed,"Add64(t8,0xfffffffffffffe38)",Iop_Add64,64,2,<BV64 0x7fffffffffefe10>,18446744073709551160,0,False,False,0,False,False,0,False,False,None,None,,
0x4015fa,"Sub64(t13,0x0000000000000008)",Iop_Sub64,64,2,<BV64 0x7fffffffffefc20>,8,0,False,False,0,False,False,0,False,False,None,None,,
0x4015fa,"Sub64(t2,0x0000000000000080)",Iop_Sub64,64,2,<BV64 0x7fffffffffefc18>,128,0,False,False,0,False,False,0,False,False,None,None,,
0x4015ff,"Add64(t6,0xfffffffffffffe38)",Iop_Add64,64,2,<BV64 0x7fffffffffefe10>,18446744073709551160,0,False,False,0,False,False,0,False,False,None,None,,
0x401606,"Add64(t9,0xfffffffffffffe30)",Iop_Add64,64,2,<BV64 0x7fffffffffefe10>,18446744073709551152,0,False,False,0,False,False,0,False,False,None,None,,
0x40160d,"Add64(t12,0xfffffffffffffe40)",Iop_Add64,64,2,<BV64 0x7fffffffffefe10>,18446744073709551168,0,False,False,0,False,False,0,False,False,None,None,,
0x40161a,"Sub64(t17,0x0000000000000008)",Iop_Sub64,64,2,<BV64 0x7fffffffffefc20>,8,0,False,False,0,False,False,0,False,False,None,None,,
0x40161a,"Sub64(t3,0x0000000000000080)",Iop_Sub64,64,2,<BV64 0x7fffffffffefc18>,128,0,False,False,0,False,False,0,False,False,None,None,,
0x400206,"Sub64(t15,0x0000000000000008)",Iop_Sub64,64,2,<BV64 0x7fffffffffefc18>,8,0,False,False,0,False,False,0,False,False,None,None,,
0x40020a,"Sub64(t4,t3)",Iop_Sub64,64,2,<BV64 0x7fffffffffefc10>,<BV64 0xe0>,0,False,False,0,False,False,0,False,False,None,None,,
0x400211,"Add64(t18,0xffffffffffffff38)",Iop_Add64,64,2,<BV64 0x7fffffffffefc10>,18446744073709551416,0,False,False,0,False,False,0,False,False,None,None,,
0x400218,"Add64(t21,0xffffffffffffff30)",Iop_Add64,64,2,<BV64 0x7fffffffffefc10>,18446744073709551408,0,False,False,0,False,False,0,False,False,None,None,,
0x40021f,"Add64(t24,0xffffffffffffff28)",Iop_Add64,64,2,<BV64 0x7fffffffffefc10>,18446744073709551400,0,False,False,0,False,False,0,False,False,None,None,,
0x400226,"Add64(0x0000000000000028,t27)",Iop_Add64,64,2,40,<BV64 0x710000>,0,False,False,0,False,False,0,False,False,None,None,,
0x40022f,"Add64(t30,0xfffffffffffffff8)",Iop_Add64,64,2,<BV64 0x7fffffffffefc10>,18446744073709551608,0,False,False,0,False,False,0,False,False,None,None,,
0x400233,"Xor32(t12,t11)",Iop_Xor32,32,2,<BV32 0x0>,<BV32 0x0>,0,False,False,2,True,True,0,False,False,None,None,,
0x400235,"Add64(t40,0xffffffffffffff4c)",Iop_Add64,64,2,<BV64 0x7fffffffffefc10>,18446744073709551436,0,False,False,0,False,False,0,False,False,None,None,,
0x40026a,"Add64(t5,0xffffffffffffff4c)",Iop_Add64,64,2,<BV64 0x7fffffffffefc10>,18446744073709551436,0,False,False,0,False,False,0,False,False,None,None,,
0x40026a,"Sub32(t2,t1)",Iop_Sub32,32,2,<BV32 0x0>,<BV32 0x9>,0,False,False,0,False,False,0,False,False,None,None,,
0x400241,"Add64(t25,0xffffffffffffff4c)",Iop_Add64,64,2,<BV64 0x7fffffffffefc10>,18446744073709551436,0,False,False,0,False,False,0,False,False,None,None,,
0x400247,"And8(0x04,0x3f)",Iop_And8,8,2,4,63,0,False,False,0,False,False,0,False,False,None,None,,
0x400247,"Shl64(t3,t6)",Iop_Shl64,64,2,<BV64 0x0>,<BV8 4>,0,False,False,0,False,False,1,True,False,None,None,,
0x400247,"Sub8(t6,0x01)",Iop_Sub8,8,2,<BV8 4>,1,0,False,False,0,False,False,0,False,False,None,None,,
0x400247,"And8(t30,0x3f)",Iop_And8,8,2,<BV8 3>,63,0,False,False,0,False,False,0,False,False,None,None,,
0x400247,"Shl64(t3,t29)",Iop_Shl64,64,2,<BV64 0x0>,<BV8 3>,0,False,False,0,False,False,1,True,False,None,None,,
0x40024b,"Add64(t10,t9)",Iop_Add64,64,2,<BV64 0x0>,<BV64 0x7fffffffffefc10>,0,False,False,1,True,False,0,False,False,None,None,,
0x40024e,"Sub64(t11,t12)",Iop_Sub64,64,2,<BV64 0x7fffffffffefc10>,<BV64 0xb0>,0,False,False,0,False,False,0,False,False,None,None,,
0x40025b,"Add64(t38,0x0000000000000008)",Iop_Add64,64,2,<BV64 0x7fffffffffefb60>,8,0,False,False,0,False,False,0,False,False,None,None,,
0x400263,"Add64(t40,0xffffffffffffff4c)",Iop_Add64,64,2,<BV64 0x7fffffffffefc10>,18446744073709551436,0,False,False,0,False,False,0,False,False,None,None,,
0x400263,"Add32(t18,t17)",Iop_Add32,32,2,<BV32 0x0>,<BV32 0x1>,0,False,False,1,True,False,0,False,False,None,None,,
0x40026a,"Add64(t44,0xffffffffffffff4c)",Iop_Add64,64,2,<BV64 0x7fffffffffefc10>,18446744073709551436,0,False,False,0,False,False,0,False,False,None,None,,
0x40026a,"Sub32(t22,t21)",Iop_Sub32,32,2,<BV32 0x1>,<BV32 0x9>,0,False,False,0,False,False,0,False,False,None,None,,
0x400247,"Shl64(t3,t6)",Iop_Shl64,64,2,<BV64 0x1>,<BV8 4>,0,False,False,0,False,False,0,False,False,None,None,,
0x400247,"Shl64(t3,t29)",Iop_Shl64,64,2,<BV64 0x1>,<BV8 3>,0,False,False,0,False,False,0,False,False,None,None,,
0x40024b,"Add64(t10,t9)",Iop_Add64,64,2,<BV64 0x10>,<BV64 0x7fffffffffefc10>,0,False,False,0,False,False,0,False,False,None,None,,
0x40024e,"Sub64(t11,t12)",Iop_Sub64,64,2,<BV64 0x7fffffffffefc20>,<BV64 0xb0>,0,False,False,0,False,False,0,False,False,None,None,,
0x40025b,"Add64(t38,0x0000000000000008)",Iop_Add64,64,2,<BV64 0x7fffffffffefb70>,8,0,False,False,0,False,False,0,False,False,None,None,,
0x400263,"Add32(t18,t17)",Iop_Add32,32,2,<BV32 0x1>,<BV32 0x1>,0,False,False,0,False,False,0,False,False,None,None,,
0x40026a,"Sub32(t22,t21)",Iop_Sub32,32,2,<BV32 0x2>,<BV32 0x9>,0,False,False,0,False,False,0,False,False,None,None,,
0x400247,"Shl64(t3,t6)",Iop_Shl64,64,2,<BV64 0x2>,<BV8 4>,0,False,False,0,False,False,0,False,False,None,None,,
0x400247,"Shl64(t3,t29)",Iop_Shl64,64,2,<BV64 0x2>,<BV8 3>,0,False,False,0,False,False,0,False,False,None,None,,
0x40024b,"Add64(t10,t9)",Iop_Add64,64,2,<BV64 0x20>,<BV64 0x7fffffffffefc10>,0,False,False,0,False,False,0,False,False,None,None,,
0x40024e,"Sub64(t11,t12)",Iop_Sub64,64,2,<BV64 0x7fffffffffefc30>,<BV64 0xb0>,0,False,False,0,False,False,0,False,False,None,None,,
0x40025b,"Add64(t38,0x0000000000000008)",Iop_Add64,64,2,<BV64 0x7fffffffffefb80>,8,0,False,False,0,False,False,0,False,False,None,None,,
0x400263,"Add32(t18,t17)",Iop_Add32,32,2,<BV32 0x2>,<BV32 0x1>,0,False,False,0,False,False,0,False,False,None,None,,
0x40026a,"Sub32(t22,t21)",Iop_Sub32,32,2,<BV32 0x3>,<BV32 0x9>,0,False,False,0,False,False,0,False,False,None,None,,
0x400247,"Shl64(t3,t6)",Iop_Shl64,64,2,<BV64 0x3>,<BV8 4>,0,False,False,0,False,False,0,False,False,None,None,,
0x400247,"Shl64(t3,t29)",Iop_Shl64,64,2,<BV64 0x3>,<BV8 3>,0,False,False,0,False,False,0,False,False,None,None,,
0x40024b,"Add64(t10,t9)",Iop_Add64,64,2,<BV64 0x30>,<BV64 0x7fffffffffefc10>,0,False,False,0,False,False,0,False,False,None,None,,
0x40024e,"Sub64(t11,t12)",Iop_Sub64,64,2,<BV64 0x7fffffffffefc40>,<BV64 0xb0>,0,False,False,0,False,False,0,False,False,None,None,,
0x40025b,"Add64(t38,0x0000000000000008)",Iop_Add64,64,2,<BV64 0x7fffffffffefb90>,8,0,False,False,0,False,False,0,False,False,None,None,,
0x400263,"Add32(t18,t17)",Iop_Add32,32,2,<BV32 0x3>,<BV32 0x1>,0,False,False,0,False,False,0,False,False,None,None,,
0x40026a,"Sub32(t22,t21)",Iop_Sub32,32,2,<BV32 0x4>,<BV32 0x9>,0,False,False,0,False,False,0,False,False,None,None,,
0x400247,"Shl64(t3,t6)",Iop_Shl64,64,2,<BV64 0x4>,<BV8 4>,0,False,False,0,False,False,0,False,False,None,None,,
0x400247,"Shl64(t3,t29)",Iop_Shl64,64,2,<BV64 0x4>,<BV8 3>,0,False,False,0,False,False,0,False,False,None,None,,
0x40024b,"Add64(t10,t9)",Iop_Add64,64,2,<BV64 0x40>,<BV64 0x7fffffffffefc10>,0,False,False,0,False,False,0,False,False,None,None,,
0x40024e,"Sub64(t11,t12)",Iop_Sub64,64,2,<BV64 0x7fffffffffefc50>,<BV64 0xb0>,0,False,False,0,False,False,0,False,False,None,None,,
0x40025b,"Add64(t38,0x0000000000000008)",Iop_Add64,64,2,<BV64 0x7fffffffffefba0>,8,0,False,False,0,False,False,0,False,False,None,None,,
0x400263,"Add32(t18,t17)",Iop_Add32,32,2,<BV32 0x4>,<BV32 0x1>,0,False,False,0,False,False,0,False,False,None,None,,
0x40026a,"Sub32(t22,t21)",Iop_Sub32,32,2,<BV32 0x5>,<BV32 0x9>,0,False,False,0,False,False,0,False,False,None,None,,
0x400247,"Shl64(t3,t6)",Iop_Shl64,64,2,<BV64 0x5>,<BV8 4>,0,False,False,0,False,False,0,False,False,None,None,,
0x400247,"Shl64(t3,t29)",Iop_Shl64,64,2,<BV64 0x5>,<BV8 3>,0,False,False,0,False,False,0,False,False,None,None,,
0x40024b,"Add64(t10,t9)",Iop_Add64,64,2,<BV64 0x50>,<BV64 0x7fffffffffefc10>,0,False,False,0,False,False,0,False,False,None,None,,
0x40024e,"Sub64(t11,t12)",Iop_Sub64,64,2,<BV64 0x7fffffffffefc60>,<BV64 0xb0>,0,False,False,0,False,False,0,False,False,None,None,,
0x40025b,"Add64(t38,0x0000000000000008)",Iop_Add64,64,2,<BV64 0x7fffffffffefbb0>,8,0,False,False,0,False,False,0,False,False,None,None,,
0x400263,"Add32(t18,t17)",Iop_Add32,32,2,<BV32 0x5>,<BV32 0x1>,0,False,False,0,False,False,0,False,False,None,None,,
0x40026a,"Sub32(t22,t21)",Iop_Sub32,32,2,<BV32 0x6>,<BV32 0x9>,0,False,False,0,False,False,0,False,False,None,None,,
0x400247,"Shl64(t3,t6)",Iop_Shl64,64,2,<BV64 0x6>,<BV8 4>,0,False,False,0,False,False,0,False,False,None,None,,
0x400247,"Shl64(t3,t29)",Iop_Shl64,64,2,<BV64 0x6>,<BV8 3>,0,False,False,0,False,False,0,False,False,None,None,,
0x40024b,"Add64(t10,t9)",Iop_Add64,64,2,<BV64 0x60>,<BV64 0x7fffffffffefc10>,0,False,False,0,False,False,0,False,False,None,None,,
0x40024e,"Sub64(t11,t12)",Iop_Sub64,64,2,<BV64 0x7fffffffffefc70>,<BV64 0xb0>,0,False,False,0,False,False,0,False,False,None,None,,
0x40025b,"Add64(t38,0x0000000000000008)",Iop_Add64,64,2,<BV64 0x7fffffffffefbc0>,8,0,False,False,0,False,False,0,False,False,None,None,,
0x400263,"Add32(t18,t17)",Iop_Add32,32,2,<BV32 0x6>,<BV32 0x1>,0,False,False,0,False,False,0,False,False,None,None,,
0x40026a,"Sub32(t22,t21)",Iop_Sub32,32,2,<BV32 0x7>,<BV32 0x9>,0,False,False,0,False,False,0,False,False,None,None,,
0x400247,"Shl64(t3,t6)",Iop_Shl64,64,2,<BV64 0x7>,<BV8 4>,0,False,False,0,False,False,0,False,False,None,None,,
0x400247,"Shl64(t3,t29)",Iop_Shl64,64,2,<BV64 0x7>,<BV8 3>,0,False,False,0,False,False,0,False,False,None,None,,
0x40024b,"Add64(t10,t9)",Iop_Add64,64,2,<BV64 0x70>,<BV64 0x7fffffffffefc10>,0,False,False,0,False,False,0,False,False,None,None,,
0x40024e,"Sub64(t11,t12)",Iop_Sub64,64,2,<BV64 0x7fffffffffefc80>,<BV64 0xb0>,0,False,False,0,False,False,0,False,False,None,None,,
0x40025b,"Add64(t38,0x0000000000000008)",Iop_Add64,64,2,<BV64 0x7fffffffffefbd0>,8,0,False,False,0,False,False,0,False,False,None,None,,
0x400263,"Add32(t18,t17)",Iop_Add32,32,2,<BV32 0x7>,<BV32 0x1>,0,False,False,0,False,False,0,False,False,None,None,,
0x40026a,"Sub32(t22,t21)",Iop_Sub32,32,2,<BV32 0x8>,<BV32 0x9>,0,False,False,0,False,False,0,False,False,None,None,,
0x400247,"Shl64(t3,t6)",Iop_Shl64,64,2,<BV64 0x8>,<BV8 4>,0,False,False,0,False,False,0,False,False,None,None,,
0x400247,"Shl64(t3,t29)",Iop_Shl64,64,2,<BV64 0x8>,<BV8 3>,0,False,False,0,False,False,0,False,False,None,None,,
0x40024b,"Add64(t10,t9)",Iop_Add64,64,2,<BV64 0x80>,<BV64 0x7fffffffffefc10>,0,False,False,0,False,False,0,False,False,None,None,,
0x40024e,"Sub64(t11,t12)",Iop_Sub64,64,2,<BV64 0x7fffffffffefc90>,<BV64 0xb0>,0,False,False,0,False,False,0,False,False,None,None,,
0x40025b,"Add64(t38,0x0000000000000008)",Iop_Add64,64,2,<BV64 0x7fffffffffefbe0>,8,0,False,False,0,False,False,0,False,False,None,None,,
0x400263,"Add32(t18,t17)",Iop_Add32,32,2,<BV32 0x8>,<BV32 0x1>,0,False,False,0,False,False,0,False,False,None,None,,
0x40026a,"Sub32(t22,t21)",Iop_Sub32,32,2,<BV32 0x9>,<BV32 0x9>,0,False,False,0,False,False,0,False,False,None,None,,
0x400247,"Shl64(t3,t6)",Iop_Shl64,64,2,<BV64 0x9>,<BV8 4>,0,False,False,0,False,False,0,False,False,None,None,,
0x400247,"Shl64(t3,t29)",Iop_Shl64,64,2,<BV64 0x9>,<BV8 3>,0,False,False,0,False,False,0,False,False,None,None,,
0x40024b,"Add64(t10,t9)",Iop_Add64,64,2,<BV64 0x90>,<BV64 0x7fffffffffefc10>,0,False,False,0,False,False,0,False,False,None,None,,
0x40024e,"Sub64(t11,t12)",Iop_Sub64,64,2,<BV64 0x7fffffffffefca0>,<BV64 0xb0>,0,False,False,0,False,False,0,False,False,None,None,,
0x40025b,"Add64(t38,0x0000000000000008)",Iop_Add64,64,2,<BV64 0x7fffffffffefbf0>,8,0,False,False,0,False,False,0,False,False,None,None,,
0x400263,"Add32(t18,t17)",Iop_Add32,32,2,<BV32 0x9>,<BV32 0x1>,0,False,False,0,False,False,0,False,False,None,None,,
0x40026a,"Sub32(t22,t21)",Iop_Sub32,32,2,<BV32 0xa>,<BV32 0x9>,0,False,False,0,False,False,0,False,False,None,None,,
0x400273,"Add64(t7,0xffffffffffffff50)",Iop_Add64,64,2,<BV64 0x7fffffffffefc10>,18446744073709551440,0,False,False,0,False,False,0,False,False,None,None,,
0x40027a,"Add64(t9,0xffffffffffffff28)",Iop_Add64,64,2,<BV64 0x7fffffffffefc10>,18446744073709551400,0,False,False,0,False,False,0,False,False,None,None,,
0x400281,"Add64(t12,0xffffffffffffff30)",Iop_Add64,64,2,<BV64 0x7fffffffffefc10>,18446744073709551408,0,False,False,0,False,False,0,False,False,None,None,,
0x400288,"Add64(t15,0xffffffffffffff38)",Iop_Add64,64,2,<BV64 0x7fffffffffefc10>,18446744073709551416,0,False,False,0,False,False,0,False,False,None,None,,
0x400292,"Sub64(t19,0x0000000000000008)",Iop_Sub64,64,2,<BV64 0x7fffffffffefb30>,8,0,False,False,0,False,False,0,False,False,None,None,,
0x400292,"Sub64(t4,0x0000000000000080)",Iop_Sub64,64,2,<BV64 0x7fffffffffefb28>,128,0,False,False,0,False,False,0,False,False,None,None,,
0x400298,"Add64(t6,0xfffffffffffffff8)",Iop_Add64,64,2,<BV64 0x7fffffffffefc10>,18446744073709551608,0,False,False,0,False,False,0,False,False,None,None,,
0x40029c,"Add64(0x0000000000000028,t9)",Iop_Add64,64,2,40,<BV64 0x710000>,0,False,False,0,False,False,0,False,False,None,None,,
0x40029c,"Xor64(t3,t2)",Iop_Xor64,64,2,<BV64 0x5f43414e41525900>,<BV64 0x5f43414e41525900>,0,False,False,0,False,False,0,False,False,None,None,,
0x4002ac,"Add64(t0,0x0000000000000008)",Iop_Add64,64,2,<BV64 0x7fffffffffefc10>,8,0,False,False,0,False,False,0,False,False,None,None,,
0x4002ad,"Add64(t2,0x0000000000000008)",Iop_Add64,64,2,<BV64 0x7fffffffffefc18>,8,0,False,False,0,False,False,0,False,False,None,None,,
0x4002ad,"Sub64(t4,0x0000000000000080)",Iop_Sub64,64,2,<BV64 0x7fffffffffefc20>,128,0,False,False,0,False,False,0,False,False,None,None,,
0x40161f,"Add64(t5,0xfffffffffffffe58)",Iop_Add64,64,2,<BV64 0x7fffffffffefe10>,18446744073709551192,0,False,False,0,False,False,0,False,False,None,None,,
0x401626,"Add64(t8,0xfffffffffffffe30)",Iop_Add64,64,2,<BV64 0x7fffffffffefe10>,18446744073709551152,0,False,False,0,False,False,0,False,False,None,None,,
0x401638,"Sub64(t14,0x0000000000000008)",Iop_Sub64,64,2,<BV64 0x7fffffffffefc20>,8,0,False,False,0,False,False,0,False,False,None,None,,
0x401638,"Sub64(t2,0x0000000000000080)",Iop_Sub64,64,2,<BV64 0x7fffffffffefc18>,128,0,False,False,0,False,False,0,False,False,None,None,,
0x40163d,"Add64(t5,0xfffffffffffffe68)",Iop_Add64,64,2,<BV64 0x7fffffffffefe10>,18446744073709551208,0,False,False,0,False,False,0,False,False,None,None,,
0x401644,"Add64(t8,0xfffffffffffffe38)",Iop_Add64,64,2,<BV64 0x7fffffffffefe10>,18446744073709551160,0,False,False,0,False,False,0,False,False,None,None,,
0x401656,"Sub64(t14,0x0000000000000008)",Iop_Sub64,64,2,<BV64 0x7fffffffffefc20>,8,0,False,False,0,False,False,0,False,False,None,None,,
0x401656,"Sub64(t2,0x0000000000000080)",Iop_Sub64,64,2,<BV64 0x7fffffffffefc18>,128,0,False,False,0,False,False,0,False,False,None,None,,
0x40165b,"Add64(t5,0xfffffffffffffe50)",Iop_Add64,64,2,<BV64 0x7fffffffffefe10>,18446744073709551184,0,False,False,0,False,False,0,False,False,None,None,,
0x401662,"Add64(t8,0xfffffffffffffe30)",Iop_Add64,64,2,<BV64 0x7fffffffffefe10>,18446744073709551152,0,False,False,0,False,False,0,False,False,None,None,,
0x40166f,"Sub64(t13,0x0000000000000008)",Iop_Sub64,64,2,<BV64 0x7fffffffffefc20>,8,0,False,False,0,False,False,0,False,False,None,None,,
0x40166f,"Sub64(t2,0x0000000000000080)",Iop_Sub64,64,2,<BV64 0x7fffffffffefc18>,128,0,False,False,0,False,False,0,False,False,None,None,,
0x40017f,"Sub64(t13,0x0000000000000008)",Iop_Sub64,64,2,<BV64 0x7fffffffffefc18>,8,0,False,False,0,False,False,0,False,False,None,None,,
0x400183,"Sub64(t4,t3)",Iop_Sub64,64,2,<BV64 0x7fffffffffefc10>,<BV64 0x10>,0,False,False,0,False,False,0,False,False,None,None,,
0x400187,"Add64(t16,0xfffffffffffffff8)",Iop_Add64,64,2,<BV64 0x7fffffffffefc10>,18446744073709551608,0,False,False,0,False,False,0,False,False,None,None,,
0x40018b,"Add64(t19,0xfffffffffffffff0)",Iop_Add64,64,2,<BV64 0x7fffffffffefc10>,18446744073709551600,0,False,False,0,False,False,0,False,False,None,None,,
0x40018f,"Add64(t22,0xfffffffffffffff0)",Iop_Add64,64,2,<BV64 0x7fffffffffefc10>,18446744073709551600,0,False,False,0,False,False,0,False,False,None,None,,
0x400193,"Add64(t25,0xfffffffffffffff8)",Iop_Add64,64,2,<BV64 0x7fffffffffefc10>,18446744073709551608,0,False,False,0,False,False,0,False,False,None,None,,
0x400197,"Add64(t28,0xfffffffffffffff8)",Iop_Add64,64,2,<BV64 0x7fffffffffefc10>,18446744073709551608,0,False,False,0,False,False,0,False,False,None,None,,
0x4001a1,"Sub64(t33,0x0000000000000008)",Iop_Sub64,64,2,<BV64 0x7fffffffffefc00>,8,0,False,False,0,False,False,0,False,False,None,None,,
0x4001a1,"Sub64(t10,0x0000000000000080)",Iop_Sub64,64,2,<BV64 0x7fffffffffefbf8>,128,0,False,False,0,False,False,0,False,False,None,None,,
0x4001a7,"Add64(t0,0x0000000000000008)",Iop_Add64,64,2,<BV64 0x7fffffffffefc10>,8,0,False,False,0,False,False,0,False,False,None,None,,
0x4001a8,"Add64(t2,0x0000000000000008)",Iop_Add64,64,2,<BV64 0x7fffffffffefc18>,8,0,False,False,0,False,False,0,False,False,None,None,,
0x4001a8,"Sub64(t4,0x0000000000000080)",Iop_Sub64,64,2,<BV64 0x7fffffffffefc20>,128,0,False,False,0,False,False,0,False,False,None,None,,
0x401674,"Add64(t5,0xfffffffffffffe60)",Iop_Add64,64,2,<BV64 0x7fffffffffefe10>,18446744073709551200,0,False,False,0,False,False,0,False,False,None,None,,
0x40167b,"Add64(t8,0xfffffffffffffe38)",Iop_Add64,64,2,<BV64 0x7fffffffffefe10>,18446744073709551160,0,False,False,0,False,False,0,False,False,None,None,,
0x401688,"Sub64(t13,0x0000000000000008)",Iop_Sub64,64,2,<BV64 0x7fffffffffefc20>,8,0,False,False,0,False,False,0,False,False,None,None,,
0x401688,"Sub64(t2,0x0000000000000080)",Iop_Sub64,64,2,<BV64 0x7fffffffffefc18>,128,0,False,False,0,False,False,0,False,False,None,None,,
0x40168d,"Add64(t6,0xfffffffffffffe38)",Iop_Add64,64,2,<BV64 0x7fffffffffefe10>,18446744073709551160,0,False,False,0,False,False,0,False,False,None,None,,
0x401694,"Add64(t9,0xfffffffffffffe30)",Iop_Add64,64,2,<BV64 0x7fffffffffefe10>,18446744073709551152,0,False,False,0,False,False,0,False,False,None,None,,
0x40169b,"Add64(t12,0xfffffffffffffe48)",Iop_Add64,64,2,<BV64 0x7fffffffffefe10>,18446744073709551176,0,False,False,0,False,False,0,False,False,None,None,,
0x4016a8,"Sub64(t17,0x0000000000000008)",Iop_Sub64,64,2,<BV64 0x7fffffffffefc20>,8,0,False,False,0,False,False,0,False,False,None,None,,
0x4016a8,"Sub64(t3,0x0000000000000080)",Iop_Sub64,64,2,<BV64 0x7fffffffffefc18>,128,0,False,False,0,False,False,0,False,False,None,None,,
0x4016ad,"Add64(t52,0xffffffffffffff00)",Iop_Add64,64,2,<BV64 0x7fffffffffefe10>,18446744073709551360,0,False,False,0,False,False,0,False,False,None,None,,
0x4016b4,"Add64(t54,0xfffffffffffffe70)",Iop_Add64,64,2,<BV64 0x7fffffffffefe10>,18446744073709551216,0,False,False,0,False,False,0,False,False,None,None,,
0x4016bb,"Add64(t57,0xffffffffffffff00)",Iop_Add64,64,2,<BV64 0x7fffffffffefe10>,18446744073709551360,0,False,False,0,False,False,0,False,False,None,None,,
0x4016c2,"Add64(t5,t4)",Iop_Add64,64,2,<BV64 0x7fffffffffefd10>,<BV64 0x28>,0,False,False,0,False,False,0,False,False,None,None,,
0x4016c6,"Add64(t59,0xfffffffffffffe78)",Iop_Add64,64,2,<BV64 0x7fffffffffefe10>,18446744073709551224,0,False,False,0,False,False,0,False,False,None,None,,
0x4016cd,"Add64(t62,0xffffffffffffff00)",Iop_Add64,64,2,<BV64 0x7fffffffffefe10>,18446744073709551360,0,False,False,0,False,False,0,False,False,None,None,,
0x4016d4,"Add64(t10,t9)",Iop_Add64,64,2,<BV64 0x7fffffffffefd10>,<BV64 0x50>,0,False,False,0,False,False,0,False,False,None,None,,
0x4016d8,"Add64(t64,0xfffffffffffffe80)",Iop_Add64,64,2,<BV64 0x7fffffffffefe10>,18446744073709551232,0,False,False,0,False,False,0,False,False,None,None,,
0x4016df,"Add64(t67,0xffffffffffffff00)",Iop_Add64,64,2,<BV64 0x7fffffffffefe10>,18446744073709551360,0,False,False,0,False,False,0,False,False,None,None,,
0x4016e6,"Add64(t15,t14)",Iop_Add64,64,2,<BV64 0x7fffffffffefd10>,<BV64 0x78>,0,False,False,0,False,False,0,False,False,None,None,,
0x4016ea,"Add64(t69,0xfffffffffffffe88)",Iop_Add64,64,2,<BV64 0x7fffffffffefe10>,18446744073709551240,0,False,False,0,False,False,0,False,False,None,None,,
0x4016f1,"Add64(t72,0xffffffffffffff00)",Iop_Add64,64,2,<BV64 0x7fffffffffefe10>,18446744073709551360,0,False,False,0,False,False,0,False,False,None,None,,
0x4016f8,"Add64(t18,t19)",Iop_Add64,64,2,<BV64 0x7fffffffffefd10>,<BV64 0xa0>,0,False,False,0,False,False,0,False,False,None,None,,
0x4016fe,"Add64(t74,0xfffffffffffffe90)",Iop_Add64,64,2,<BV64 0x7fffffffffefe10>,18446744073709551248,0,False,False,0,False,False,0,False,False,None,None,,
0x401705,"Add64(t77,0xffffffffffffff00)",Iop_Add64,64,2,<BV64 0x7fffffffffefe10>,18446744073709551360,0,False,False,0,False,False,0,False,False,None,None,,
0x40170c,"Add64(t23,t24)",Iop_Add64,64,2,<BV64 0x7fffffffffefd10>,<BV64 0xc8>,0,False,False,0,False,False,0,False,False,None,None,,
0x401712,"Add64(t79,0xfffffffffffffe98)",Iop_Add64,64,2,<BV64 0x7fffffffffefe10>,18446744073709551256,0,False,False,0,False,False,0,False,False,None,None,,
0x401719,"Add64(t82,0xfffffffffffffe20)",Iop_Add64,64,2,<BV64 0x7fffffffffefe10>,18446744073709551136,0,False,False,0,False,False,0,False,False,None,None,,
0x401720,"Add64(t30,t29)",Iop_Add64,64,2,<BV64 0x7fffffffffeff60>,<BV64 0x50>,0,False,False,0,False,False,0,False,False,None,None,,
0x401724,"Add64(t85,0xfffffffffffffea0)",Iop_Add64,64,2,<BV64 0x7fffffffffefe10>,18446744073709551264,0,False,False,0,False,False,0,False,False,None,None,,
0x40172b,"Add64(t88,0xfffffffffffffe20)",Iop_Add64,64,2,<BV64 0x7fffffffffefe10>,18446744073709551136,0,False,False,0,False,False,0,False,False,None,None,,
0x401732,"Add64(t35,t34)",Iop_Add64,64,2,<BV64 0x7fffffffffeff60>,<BV64 0x78>,0,False,False,0,False,False,0,False,False,None,None,,
0x401736,"Add64(t91,0xfffffffffffffea8)",Iop_Add64,64,2,<BV64 0x7fffffffffefe10>,18446744073709551272,0,False,False,0,False,False,0,False,False,None,None,,
0x40173d,"Add64(t94,0xfffffffffffffe18)",Iop_Add64,64,2,<BV64 0x7fffffffffefe10>,18446744073709551128,0,False,False,0,False,False,0,False,False,None,None,,
0x401744,"Add64(t40,t39)",Iop_Add64,64,2,<BV64 0x7fffffffffefec0>,<BV64 0x50>,0,False,False,0,False,False,0,False,False,None,None,,
0x401748,"Add64(t97,0xfffffffffffffeb0)",Iop_Add64,64,2,<BV64 0x7fffffffffefe10>,18446744073709551280,0,False,False,0,False,False,0,False,False,None,None,,
0x40174f,"Add64(t100,0xfffffffffffffe18)",Iop_Add64,64,2,<BV64 0x7fffffffffefe10>,18446744073709551128,0,False,False,0,False,False,0,False,False,None,None,,
0x401756,"Add64(t45,t44)",Iop_Add64,64,2,<BV64 0x7fffffffffefec0>,<BV64 0x78>,0,False,False,0,False,False,0,False,False,None,None,,
0x40175a,"Add64(t103,0xfffffffffffffeb8)",Iop_Add64,64,2,<BV64 0x7fffffffffefe10>,18446744073709551288,0,False,False,0,False,False,0,False,False,None,None,,
0x401761,"Add64(t106,0xfffffffffffffea8)",Iop_Add64,64,2,<BV64 0x7fffffffffefe10>,18446744073709551272,0,False,False,0,False,False,0,False,False,None,None,,
0x401768,"Add64(t109,0xfffffffffffffe70)",Iop_Add64,64,2,<BV64 0x7fffffffffefe10>,18446744073709551216,0,False,False,0,False,False,0,False,False,None,None,,
0x401775,"Sub64(t114,0x0000000000000008)",Iop_Sub64,64,2,<BV64 0x7fffffffffefc20>,8,0,False,False,0,False,False,0,False,False,None,None,,
0x401775,"Sub64(t49,0x0000000000000080)",Iop_Sub64,64,2,<BV64 0x7fffffffffefc18>,128,0,False,False,0,False,False,0,False,False,None,None,,
0x40043d,"Sub64(t28,0x0000000000000008)",Iop_Sub64,64,2,<BV64 0x7fffffffffefc18>,8,0,False,False,0,False,False,0,False,False,None,None,,
0x400441,"Sub64(t4,t3)",Iop_Sub64,64,2,<BV64 0x7fffffffffefc10>,<BV64 0x40>,0,False,False,0,False,False,0,False,False,None,None,,
0x400445,"Add64(t31,0xffffffffffffffc8)",Iop_Add64,64,2,<BV64 0x7fffffffffefc10>,18446744073709551560,0,False,False,0,False,False,0,False,False,None,None,,
0x400449,"Add64(t34,0xffffffffffffffc0)",Iop_Add64,64,2,<BV64 0x7fffffffffefc10>,18446744073709551552,0,False,False,0,False,False,0,False,False,None,None,,
0x40044d,"Add64(0x0000000000000028,t37)",Iop_Add64,64,2,40,<BV64 0x710000>,0,False,False,0,False,False,0,False,False,None,None,,
0x400456,"Add64(t40,0xfffffffffffffff8)",Iop_Add64,64,2,<BV64 0x7fffffffffefc10>,18446744073709551608,0,False,False,0,False,False,0,False,False,None,None,,
0x40045a,"Xor32(t11,t10)",Iop_Xor32,32,2,<BV32 0x0>,<BV32 0x0>,0,False,False,2,True,True,0,False,False,None,None,,
0x40045c,"Add64(t50,0xffffffffffffffd0)",Iop_Add64,64,2,<BV64 0x7fffffffffefc10>,18446744073709551568,0,False,False,0,False,False,0,False,False,None,None,,
0x400464,"Add64(t52,0xffffffffffffffd8)",Iop_Add64,64,2,<BV64 0x7fffffffffefc10>,18446744073709551576,0,False,False,0,False,False,0,False,False,None,None,,
0x40046c,"Add64(t54,0xffffffffffffffe0)",Iop_Add64,64,2,<BV64 0x7fffffffffefc10>,18446744073709551584,0,False,False,0,False,False,0,False,False,None,None,,
0x400474,"Add64(t56,0xffffffffffffffe8)",Iop_Add64,64,2,<BV64 0x7fffffffffefc10>,18446744073709551592,0,False,False,0,False,False,0,False,False,None,None,,
0x40047c,"Add64(t58,0xfffffffffffffff0)",Iop_Add64,64,2,<BV64 0x7fffffffffefc10>,18446744073709551600,0,False,False,0,False,False,0,False,False,None,None,,
0x40048e,"Add64(t60,0xffffffffffffffd0)",Iop_Add64,64,2,<BV64 0x7fffffffffefc10>,18446744073709551568,0,False,False,0,False,False,0,False,False,None,None,,
0x40049c,"Add64(t63,0xffffffffffffffd8)",Iop_Add64,64,2,<BV64 0x7fffffffffefc10>,18446744073709551576,0,False,False,0,False,False,0,False,False,None,None,,
0x4004aa,"Add64(t66,0xffffffffffffffe0)",Iop_Add64,64,2,<BV64 0x7fffffffffefc10>,18446744073709551584,0,False,False,0,False,False,0,False,False,None,None,,
0x4004b8,"Add64(t69,0xffffffffffffffe8)",Iop_Add64,64,2,<BV64 0x7fffffffffefc10>,18446744073709551592,0,False,False,0,False,False,0,False,False,None,None,,
0x4004c6,"Add64(t72,0xfffffffffffffff0)",Iop_Add64,64,2,<BV64 0x7fffffffffefc10>,18446744073709551600,0,False,False,0,False,False,0,False,False,None,None,,
0x4004ca,"Add64(t75,0xffffffffffffffc0)",Iop_Add64,64,2,<BV64 0x7fffffffffefc10>,18446744073709551552,0,False,False,0,False,False,0,False,False,None,None,,
0x4004ce,"Add64(t78,0xffffffffffffffd0)",Iop_Add64,64,2,<BV64 0x7fffffffffefc10>,18446744073709551568,0,False,False,0,False,False,0,False,False,None,None,,
0x4004d2,"Add64(t80,0xffffffffffffffc8)",Iop_Add64,64,2,<BV64 0x7fffffffffefc10>,18446744073709551560,0,False,False,0,False,False,0,False,False,None,None,,
0x4004dc,"Sub64(t85,0x0000000000000008)",Iop_Sub64,64,2,<BV64 0x7fffffffffefbd0>,8,0,False,False,0,False,False,0,False,False,None,None,,
0x4004dc,"Sub64(t25,0x0000000000000080)",Iop_Sub64,64,2,<BV64 0x7fffffffffefbc8>,128,0,False,False,0,False,False,0,False,False,None,None,,
0x400206,"Sub64(t15,0x0000000000000008)",Iop_Sub64,64,2,<BV64 0x7fffffffffefbc8>,8,0,False,False,0,False,False,0,False,False,None,None,,
0x40020a,"Sub64(t4,t3)",Iop_Sub64,64,2,<BV64 0x7fffffffffefbc0>,<BV64 0xe0>,0,False,False,0,False,False,0,False,False,None,None,,
0x400211,"Add64(t18,0xffffffffffffff38)",Iop_Add64,64,2,<BV64 0x7fffffffffefbc0>,18446744073709551416,0,False,False,0,False,False,0,False,False,None,None,,
0x400218,"Add64(t21,0xffffffffffffff30)",Iop_Add64,64,2,<BV64 0x7fffffffffefbc0>,18446744073709551408,0,False,False,0,False,False,0,False,False,None,None,,
0x40021f,"Add64(t24,0xffffffffffffff28)",Iop_Add64,64,2,<BV64 0x7fffffffffefbc0>,18446744073709551400,0,False,False,0,False,False,0,False,False,None,None,,
0x40022f,"Add64(t30,0xfffffffffffffff8)",Iop_Add64,64,2,<BV64 0x7fffffffffefbc0>,18446744073709551608,0,False,False,0,False,False,0,False,False,None,None,,
0x400235,"Add64(t40,0xffffffffffffff4c)",Iop_Add64,64,2,<BV64 0x7fffffffffefbc0>,18446744073709551436,0,False,False,0,False,False,0,False,False,None,None,,
0x40026a,"Add64(t5,0xffffffffffffff4c)",Iop_Add64,64,2,<BV64 0x7fffffffffefbc0>,18446744073709551436,0,False,False,0,False,False,0,False,False,None,None,,
0x400241,"Add64(t25,0xffffffffffffff4c)",Iop_Add64,64,2,<BV64 0x7fffffffffefbc0>,18446744073709551436,0,False,False,0,False,False,0,False,False,None,None,,
0x40024b,"Add64(t10,t9)",Iop_Add64,64,2,<BV64 0x0>,<BV64 0x7fffffffffefbc0>,0,False,False,1,True,False,0,False,False,None,None,,
0x40024e,"Sub64(t11,t12)",Iop_Sub64,64,2,<BV64 0x7fffffffffefbc0>,<BV64 0xb0>,0,False,False,0,False,False,0,False,False,None,None,,
0x40025b,"Add64(t38,0x0000000000000008)",Iop_Add64,64,2,<BV64 0x7fffffffffefb10>,8,0,False,False,0,False,False,0,False,False,None,None,,
0x400263,"Add64(t40,0xffffffffffffff4c)",Iop_Add64,64,2,<BV64 0x7fffffffffefbc0>,18446744073709551436,0,False,False,0,False,False,0,False,False,None,None,,
0x40026a,"Add64(t44,0xffffffffffffff4c)",Iop_Add64,64,2,<BV64 0x7fffffffffefbc0>,18446744073709551436,0,False,False,0,False,False,0,False,False,None,None,,
0x40024b,"Add64(t10,t9)",Iop_Add64,64,2,<BV64 0x10>,<BV64 0x7fffffffffefbc0>,0,False,False,0,False,False,0,False,False,None,None,,
0x40024e,"Sub64(t11,t12)",Iop_Sub64,64,2,<BV64 0x7fffffffffefbd0>,<BV64 0xb0>,0,False,False,0,False,False,0,False,False,None,None,,
0x40025b,"Add64(t38,0x0000000000000008)",Iop_Add64,64,2,<BV64 0x7fffffffffefb20>,8,0,False,False,0,False,False,0,False,False,None,None,,
0x40024b,"Add64(t10,t9)",Iop_Add64,64,2,<BV64 0x20>,<BV64 0x7fffffffffefbc0>,0,False,False,0,False,False,0,False,False,None,None,,
0x40024e,"Sub64(t11,t12)",Iop_Sub64,64,2,<BV64 0x7fffffffffefbe0>,<BV64 0xb0>,0,False,False,0,False,False,0,False,False,None,None,,
0x40025b,"Add64(t38,0x0000000000000008)",Iop_Add64,64,2,<BV64 0x7fffffffffefb30>,8,0,False,False,0,False,False,0,False,False,None,None,,
0x40024b,"Add64(t10,t9)",Iop_Add64,64,2,<BV64 0x30>,<BV64 0x7fffffffffefbc0>,0,False,False,0,False,False,0,False,False,None,None,,
0x40024e,"Sub64(t11,t12)",Iop_Sub64,64,2,<BV64 0x7fffffffffefbf0>,<BV64 0xb0>,0,False,False,0,False,False,0,False,False,None,None,,
0x40025b,"Add64(t38,0x0000000000000008)",Iop_Add64,64,2,<BV64 0x7fffffffffefb40>,8,0,False,False,0,False,False,0,False,False,None,None,,
0x40024b,"Add64(t10,t9)",Iop_Add64,64,2,<BV64 0x40>,<BV64 0x7fffffffffefbc0>,0,False,False,0,False,False,0,False,False,None,None,,
0x40024e,"Sub64(t11,t12)",Iop_Sub64,64,2,<BV64 0x7fffffffffefc00>,<BV64 0xb0>,0,False,False,0,False,False,0,False,False,None,None,,
0x40025b,"Add64(t38,0x0000000000000008)",Iop_Add64,64,2,<BV64 0x7fffffffffefb50>,8,0,False,False,0,False,False,0,False,False,None,None,,
0x40024b,"Add64(t10,t9)",Iop_Add64,64,2,<BV64 0x50>,<BV64 0x7fffffffffefbc0>,0,False,False,0,False,False,0,False,False,None,None,,
0x40024b,"Add64(t10,t9)",Iop_Add64,64,2,<BV64 0x60>,<BV64 0x7fffffffffefbc0>,0,False,False,0,False,False,0,False,False,None,None,,
0x40024b,"Add64(t10,t9)",Iop_Add64,64,2,<BV64 0x70>,<BV64 0x7fffffffffefbc0>,0,False,False,0,False,False,0,False,False,None,None,,
0x40024b,"Add64(t10,t9)",Iop_Add64,64,2,<BV64 0x80>,<BV64 0x7fffffffffefbc0>,0,False,False,0,False,False,0,False,False,None,None,,
0x40024b,"Add64(t10,t9)",Iop_Add64,64,2,<BV64 0x90>,<BV64 0x7fffffffffefbc0>,0,False,False,0,False,False,0,False,False,None,None,,
0x400273,"Add64(t7,0xffffffffffffff50)",Iop_Add64,64,2,<BV64 0x7fffffffffefbc0>,18446744073709551440,0,False,False,0,False,False,0,False,False,None,None,,
0x40027a,"Add64(t9,0xffffffffffffff28)",Iop_Add64,64,2,<BV64 0x7fffffffffefbc0>,18446744073709551400,0,False,False,0,False,False,0,False,False,None,None,,
0x400281,"Add64(t12,0xffffffffffffff30)",Iop_Add64,64,2,<BV64 0x7fffffffffefbc0>,18446744073709551408,0,False,False,0,False,False,0,False,False,None,None,,
0x400288,"Add64(t15,0xffffffffffffff38)",Iop_Add64,64,2,<BV64 0x7fffffffffefbc0>,18446744073709551416,0,False,False,0,False,False,0,False,False,None,None,,
0x400292,"Sub64(t19,0x0000000000000008)",Iop_Sub64,64,2,<BV64 0x7fffffffffefae0>,8,0,False,False,0,False,False,0,False,False,None,None,,
0x400292,"Sub64(t4,0x0000000000000080)",Iop_Sub64,64,2,<BV64 0x7fffffffffefad8>,128,0,False,False,0,False,False,0,False,False,None,None,,
0x400298,"Add64(t6,0xfffffffffffffff8)",Iop_Add64,64,2,<BV64 0x7fffffffffefbc0>,18446744073709551608,0,False,False,0,False,False,0,False,False,None,None,,
0x4002ac,"Add64(t0,0x0000000000000008)",Iop_Add64,64,2,<BV64 0x7fffffffffefbc0>,8,0,False,False,0,False,False,0,False,False,None,None,,
0x4002ad,"Add64(t2,0x0000000000000008)",Iop_Add64,64,2,<BV64 0x7fffffffffefbc8>,8,0,False,False,0,False,False,0,False,False,None,None,,
0x4002ad,"Sub64(t4,0x0000000000000080)",Iop_Sub64,64,2,<BV64 0x7fffffffffefbd0>,128,0,False,False,0,False,False,0,False,False,None,None,,
0x4004e2,"Add64(t6,0xfffffffffffffff8)",Iop_Add64,64,2,<BV64 0x7fffffffffefc10>,18446744073709551608,0,False,False,0,False,False,0,False,False,None,None,,
0x4004e6,"Add64(0x0000000000000028,t9)",Iop_Add64,64,2,40,<BV64 0x710000>,0,False,False,0,False,False,0,False,False,None,None,,
0x4004e6,"Xor64(t3,t2)",Iop_Xor64,64,2,<BV64 0x5f43414e41525900>,<BV64 0x5f43414e41525900>,0,False,False,0,False,False,0,False,False,None,None,,
0x4004f6,"Add64(t0,0x0000000000000008)",Iop_Add64,64,2,<BV64 0x7fffffffffefc10>,8,0,False,False,0,False,False,0,False,False,None,None,,
0x4004f7,"Add64(t2,0x0000000000000008)",Iop_Add64,64,2,<BV64 0x7fffffffffefc18>,8,0,False,False,0,False,False,0,False,False,None,None,,
0x4004f7,"Sub64(t4,0x0000000000000080)",Iop_Sub64,64,2,<BV64 0x7fffffffffefc20>,128,0,False,False,0,False,False,0,False,False,None,None,,
0x40177a,"Add64(t6,0xfffffffffffffeb8)",Iop_Add64,64,2,<BV64 0x7fffffffffefe10>,18446744073709551288,0,False,False,0,False,False,0,False,False,None,None,,
0x401781,"Add64(t9,0xfffffffffffffe70)",Iop_Add64,64,2,<BV64 0x7fffffffffefe10>,18446744073709551216,0,False,False,0,False,False,0,False,False,None,None,,
0x401788,"Add64(t12,0xfffffffffffffe78)",Iop_Add64,64,2,<BV64 0x7fffffffffefe10>,18446744073709551224,0,False,False,0,False,False,0,False,False,None,None,,
0x401795,"Sub64(t17,0x0000000000000008)",Iop_Sub64,64,2,<BV64 0x7fffffffffefc20>,8,0,False,False,0,False,False,0,False,False,None,None,,
0x401795,"Sub64(t3,0x0000000000000080)",Iop_Sub64,64,2,<BV64 0x7fffffffffefc18>,128,0,False,False,0,False,False,0,False,False,None,None,,
0x40179a,"Add64(t5,0xfffffffffffffea0)",Iop_Add64,64,2,<BV64 0x7fffffffffefe10>,18446744073709551264,0,False,False,0,False,False,0,False,False,None,None,,
0x4017a1,"Add64(t8,0xfffffffffffffe70)",Iop_Add64,64,2,<BV64 0x7fffffffffefe10>,18446744073709551216,0,False,False,0,False,False,0,False,False,None,None,,
0x4017ae,"Sub64(t13,0x0000000000000008)",Iop_Sub64,64,2,<BV64 0x7fffffffffefc20>,8,0,False,False,0,False,False,0,False,False,None,None,,
0x4017ae,"Sub64(t2,0x0000000000000080)",Iop_Sub64,64,2,<BV64 0x7fffffffffefc18>,128,0,False,False,0,False,False,0,False,False,None,None,,
0x4002b2,"Sub64(t69,0x0000000000000008)",Iop_Sub64,64,2,<BV64 0x7fffffffffefc18>,8,0,False,False,0,False,False,0,False,False,None,None,,
0x4002b6,"Add64(t72,0xffffffffffffffa8)",Iop_Add64,64,2,<BV64 0x7fffffffffefc10>,18446744073709551528,0,False,False,0,False,False,0,False,False,None,None,,
0x4002ba,"Add64(t75,0xffffffffffffffa0)",Iop_Add64,64,2,<BV64 0x7fffffffffefc10>,18446744073709551520,0,False,False,0,False,False,0,False,False,None,None,,
0x4002be,"Add64(t78,0xffffffffffffffa0)",Iop_Add64,64,2,<BV64 0x7fffffffffefc10>,18446744073709551520,0,False,False,0,False,False,0,False,False,None,None,,
0x4002c5,"Add64(t82,0xffffffffffffffb0)",Iop_Add64,64,2,<BV64 0x7fffffffffefc10>,18446744073709551536,0,False,False,0,False,False,0,False,False,None,None,,
0x4002c9,"Add64(t85,0xffffffffffffffa0)",Iop_Add64,64,2,<BV64 0x7fffffffffefc10>,18446744073709551520,0,False,False,0,False,False,0,False,False,None,None,,
0x4002cd,"Add64(t88,0x0000000000000008)",Iop_Add64,64,2,<BV64 0x7fffffffffeffb0>,8,0,False,False,0,False,False,0,False,False,None,None,,
0x4002d1,"Add64(t91,0xffffffffffffffb8)",Iop_Add64,64,2,<BV64 0x7fffffffffefc10>,18446744073709551544,0,False,False,0,False,False,0,False,False,None,None,,
0x4002d5,"Add64(t94,0xffffffffffffffa0)",Iop_Add64,64,2,<BV64 0x7fffffffffefc10>,18446744073709551520,0,False,False,0,False,False,0,False,False,None,None,,
0x4002d9,"Add64(t97,0x0000000000000010)",Iop_Add64,64,2,<BV64 0x7fffffffffeffb0>,16,0,False,False,0,False,False,0,False,False,None,None,,
0x4002dd,"Add64(t100,0xffffffffffffffc0)",Iop_Add64,64,2,<BV64 0x7fffffffffefc10>,18446744073709551552,0,False,False,0,False,False,0,False,False,None,None,,
0x4002e1,"Add64(t103,0xffffffffffffffa0)",Iop_Add64,64,2,<BV64 0x7fffffffffefc10>,18446744073709551520,0,False,False,0,False,False,0,False,False,None,None,,
0x4002e5,"Add64(t106,0x0000000000000018)",Iop_Add64,64,2,<BV64 0x7fffffffffeffb0>,24,0,False,False,0,False,False,0,False,False,None,None,,
0x4002e9,"Add64(t109,0xffffffffffffffc8)",Iop_Add64,64,2,<BV64 0x7fffffffffefc10>,18446744073709551560,0,False,False,0,False,False,0,False,False,None,None,,
0x4002ed,"Add64(t112,0xffffffffffffffa0)",Iop_Add64,64,2,<BV64 0x7fffffffffefc10>,18446744073709551520,0,False,False,0,False,False,0,False,False,None,None,,
0x4002f1,"Add64(t115,0x0000000000000020)",Iop_Add64,64,2,<BV64 0x7fffffffffeffb0>,32,0,False,False,0,False,False,0,False,False,None,None,,
0x4002f5,"Add64(t118,0xffffffffffffffd0)",Iop_Add64,64,2,<BV64 0x7fffffffffefc10>,18446744073709551568,0,False,False,0,False,False,0,False,False,None,None,,
0x4002f9,"Add64(t121,0xffffffffffffffb0)",Iop_Add64,64,2,<BV64 0x7fffffffffefc10>,18446744073709551536,0,False,False,0,False,False,0,False,False,None,None,,
0x4002fd,"Add64(t22,t21)",Iop_Add64,64,0,None,None,0,False,False,2,True,True,0,False,False,None,None,,
0x400300,"Add64(t124,0xffffffffffffffd8)",Iop_Add64,64,2,<BV64 0x7fffffffffefc10>,18446744073709551576,0,False,False,0,False,False,0,False,False,None,None,,
0x400304,"Add64(t127,0xffffffffffffffb8)",Iop_Add64,64,2,<BV64 0x7fffffffffefc10>,18446744073709551544,0,False,False,0,False,False,0,False,False,None,None,,
0x400308,"Add64(t27,t26)",Iop_Add64,64,0,None,None,0,False,False,2,True,True,0,False,False,None,None,,
0x40030b,"Add64(t130,0xffffffffffffffe0)",Iop_Add64,64,2,<BV64 0x7fffffffffefc10>,18446744073709551584,0,False,False,0,False,False,0,False,False,None,None,,
0x40030f,"Add64(t133,0xffffffffffffffc0)",Iop_Add64,64,2,<BV64 0x7fffffffffefc10>,18446744073709551552,0,False,False,0,False,False,0,False,False,None,None,,
0x400313,"Add64(t32,t31)",Iop_Add64,64,0,None,None,0,False,False,2,True,True,0,False,False,None,None,,
0x400316,"Add64(t136,0xffffffffffffffe8)",Iop_Add64,64,2,<BV64 0x7fffffffffefc10>,18446744073709551592,0,False,False,0,False,False,0,False,False,None,None,,
0x40031a,"Add64(t139,0xffffffffffffffc8)",Iop_Add64,64,2,<BV64 0x7fffffffffefc10>,18446744073709551560,0,False,False,0,False,False,0,False,False,None,None,,
0x40031e,"Add64(t37,t36)",Iop_Add64,64,0,None,None,0,False,False,2,True,True,0,False,False,None,None,,
0x400321,"Add64(t142,0xfffffffffffffff0)",Iop_Add64,64,2,<BV64 0x7fffffffffefc10>,18446744073709551600,0,False,False,0,False,False,0,False,False,None,None,,
0x400325,"Add64(t145,0xffffffffffffffd0)",Iop_Add64,64,2,<BV64 0x7fffffffffefc10>,18446744073709551568,0,False,False,0,False,False,0,False,False,None,None,,
0x400329,"Add64(t42,t41)",Iop_Add64,64,0,None,None,0,False,False,2,True,True,0,False,False,None,None,,
0x40032c,"Add64(t148,0xfffffffffffffff8)",Iop_Add64,64,2,<BV64 0x7fffffffffefc10>,18446744073709551608,0,False,False,0,False,False,0,False,False,None,None,,
0x400330,"Add64(t151,0xffffffffffffffa8)",Iop_Add64,64,2,<BV64 0x7fffffffffefc10>,18446744073709551528,0,False,False,0,False,False,0,False,False,None,None,,
0x400334,"Add64(t154,0xffffffffffffffd8)",Iop_Add64,64,2,<BV64 0x7fffffffffefc10>,18446744073709551576,0,False,False,0,False,False,0,False,False,None,None,,
0x40033b,"Add64(t158,0xffffffffffffffa8)",Iop_Add64,64,2,<BV64 0x7fffffffffefc10>,18446744073709551528,0,False,False,0,False,False,0,False,False,None,None,,
0x40033f,"Add64(t161,0x0000000000000008)",Iop_Add64,64,2,<BV64 0x7fffffffffefd10>,8,0,False,False,0,False,False,0,False,False,None,None,,
0x400343,"Add64(t163,0xffffffffffffffe0)",Iop_Add64,64,2,<BV64 0x7fffffffffefc10>,18446744073709551584,0,False,False,0,False,False,0,False,False,None,None,,
0x40034a,"Add64(t167,0xffffffffffffffa8)",Iop_Add64,64,2,<BV64 0x7fffffffffefc10>,18446744073709551528,0,False,False,0,False,False,0,False,False,None,None,,
0x40034e,"Add64(t170,0x0000000000000010)",Iop_Add64,64,2,<BV64 0x7fffffffffefd10>,16,0,False,False,0,False,False,0,False,False,None,None,,
0x400352,"Add64(t172,0xffffffffffffffe8)",Iop_Add64,64,2,<BV64 0x7fffffffffefc10>,18446744073709551592,0,False,False,0,False,False,0,False,False,None,None,,
0x400359,"Add64(t176,0xffffffffffffffa8)",Iop_Add64,64,2,<BV64 0x7fffffffffefc10>,18446744073709551528,0,False,False,0,False,False,0,False,False,None,None,,
0x40035d,"Add64(t179,0x0000000000000018)",Iop_Add64,64,2,<BV64 0x7fffffffffefd10>,24,0,False,False,0,False,False,0,False,False,None,None,,
0x400361,"Add64(t181,0xfffffffffffffff0)",Iop_Add64,64,2,<BV64 0x7fffffffffefc10>,18446744073709551600,0,False,False,0,False,False,0,False,False,None,None,,
0x400368,"Add64(t185,0xffffffffffffffa8)",Iop_Add64,64,2,<BV64 0x7fffffffffefc10>,18446744073709551528,0,False,False,0,False,False,0,False,False,None,None,,
0x40036c,"Add64(t188,0x0000000000000020)",Iop_Add64,64,2,<BV64 0x7fffffffffefd10>,32,0,False,False,0,False,False,0,False,False,None,None,,
0x400370,"Add64(t190,0xfffffffffffffff8)",Iop_Add64,64,2,<BV64 0x7fffffffffefc10>,18446744073709551608,0,False,False,0,False,False,0,False,False,None,None,,
0x400378,"Add64(t64,0x0000000000000008)",Iop_Add64,64,2,<BV64 0x7fffffffffefc10>,8,0,False,False,0,False,False,0,False,False,None,None,,
0x400379,"Add64(t65,0x0000000000000008)",Iop_Add64,64,2,<BV64 0x7fffffffffefc18>,8,0,False,False,0,False,False,0,False,False,None,None,,
0x400379,"Sub64(t67,0x0000000000000080)",Iop_Sub64,64,2,<BV64 0x7fffffffffefc20>,128,0,False,False,0,False,False,0,False,False,None,None,,
0x4017b3,"Add64(t6,0xfffffffffffffeb0)",Iop_Add64,64,2,<BV64 0x7fffffffffefe10>,18446744073709551280,0,False,False,0,False,False,0,False,False,None,None,,
0x4017ba,"Add64(t9,0xfffffffffffffe70)",Iop_Add64,64,2,<BV64 0x7fffffffffefe10>,18446744073709551216,0,False,False,0,False,False,0,False,False,None,None,,
0x4017c1,"Add64(t12,0xfffffffffffffe90)",Iop_Add64,64,2,<BV64 0x7fffffffffefe10>,18446744073709551248,0,False,False,0,False,False,0,False,False,None,None,,
0x4017ce,"Sub64(t17,0x0000000000000008)",Iop_Sub64,64,2,<BV64 0x7fffffffffefc20>,8,0,False,False,0,False,False,0,False,False,None,None,,
0x4017ce,"Sub64(t3,0x0000000000000080)",Iop_Sub64,64,2,<BV64 0x7fffffffffefc18>,128,0,False,False,0,False,False,0,False,False,None,None,,
0x4017d3,"Add64(t5,0xfffffffffffffe80)",Iop_Add64,64,2,<BV64 0x7fffffffffefe10>,18446744073709551232,0,False,False,0,False,False,0,False,False,None,None,,
0x4017da,"Add64(t8,0xfffffffffffffe70)",Iop_Add64,64,2,<BV64 0x7fffffffffefe10>,18446744073709551216,0,False,False,0,False,False,0,False,False,None,None,,
0x4017ec,"Sub64(t14,0x0000000000000008)",Iop_Sub64,64,2,<BV64 0x7fffffffffefc20>,8,0,False,False,0,False,False,0,False,False,None,None,,
0x4017ec,"Sub64(t2,0x0000000000000080)",Iop_Sub64,64,2,<BV64 0x7fffffffffefc18>,128,0,False,False,0,False,False,0,False,False,None,None,,
0x4017f1,"Add64(t5,0xfffffffffffffe78)",Iop_Add64,64,2,<BV64 0x7fffffffffefe10>,18446744073709551224,0,False,False,0,False,False,0,False,False,None,None,,
0x4017f8,"Add64(t8,0xfffffffffffffe98)",Iop_Add64,64,2,<BV64 0x7fffffffffefe10>,18446744073709551256,0,False,False,0,False,False,0,False,False,None,None,,
0x40180a,"Sub64(t14,0x0000000000000008)",Iop_Sub64,64,2,<BV64 0x7fffffffffefc20>,8,0,False,False,0,False,False,0,False,False,None,None,,
0x40180a,"Sub64(t2,0x0000000000000080)",Iop_Sub64,64,2,<BV64 0x7fffffffffefc18>,128,0,False,False,0,False,False,0,False,False,None,None,,
0x40180f,"Add64(t5,0xfffffffffffffe88)",Iop_Add64,64,2,<BV64 0x7fffffffffefe10>,18446744073709551240,0,False,False,0,False,False,0,False,False,None,None,,
0x401816,"Add64(t8,0xfffffffffffffe70)",Iop_Add64,64,2,<BV64 0x7fffffffffefe10>,18446744073709551216,0,False,False,0,False,False,0,False,False,None,None,,
0x401823,"Sub64(t13,0x0000000000000008)",Iop_Sub64,64,2,<BV64 0x7fffffffffefc20>,8,0,False,False,0,False,False,0,False,False,None,None,,
0x401823,"Sub64(t2,0x0000000000000080)",Iop_Sub64,64,2,<BV64 0x7fffffffffefc18>,128,0,False,False,0,False,False,0,False,False,None,None,,
0x401828,"Add64(t5,0xfffffffffffffe90)",Iop_Add64,64,2,<BV64 0x7fffffffffefe10>,18446744073709551248,0,False,False,0,False,False,0,False,False,None,None,,
0x40182f,"Add64(t8,0xfffffffffffffe98)",Iop_Add64,64,2,<BV64 0x7fffffffffefe10>,18446744073709551256,0,False,False,0,False,False,0,False,False,None,None,,
0x40183c,"Sub64(t13,0x0000000000000008)",Iop_Sub64,64,2,<BV64 0x7fffffffffefc20>,8,0,False,False,0,False,False,0,False,False,None,None,,
0x40183c,"Sub64(t2,0x0000000000000080)",Iop_Sub64,64,2,<BV64 0x7fffffffffefc18>,128,0,False,False,0,False,False,0,False,False,None,None,,
0x401841,"Add64(t5,0xfffffffffffffe78)",Iop_Add64,64,2,<BV64 0x7fffffffffefe10>,18446744073709551224,0,False,False,0,False,False,0,False,False,None,None,,
0x401848,"Add64(t8,0xfffffffffffffe90)",Iop_Add64,64,2,<BV64 0x7fffffffffefe10>,18446744073709551248,0,False,False,0,False,False,0,False,False,None,None,,
0x401855,"Sub64(t13,0x0000000000000008)",Iop_Sub64,64,2,<BV64 0x7fffffffffefc20>,8,0,False,False,0,False,False,0,False,False,None,None,,
0x401855,"Sub64(t2,0x0000000000000080)",Iop_Sub64,64,2,<BV64 0x7fffffffffefc18>,128,0,False,False,0,False,False,0,False,False,None,None,,
0x40185a,"Add64(t5,0xfffffffffffffe80)",Iop_Add64,64,2,<BV64 0x7fffffffffefe10>,18446744073709551232,0,False,False,0,False,False,0,False,False,None,None,,
0x401861,"Add64(t8,0xfffffffffffffe88)",Iop_Add64,64,2,<BV64 0x7fffffffffefe10>,18446744073709551240,0,False,False,0,False,False,0,False,False,None,None,,
0x40186e,"Sub64(t13,0x0000000000000008)",Iop_Sub64,64,2,<BV64 0x7fffffffffefc20>,8,0,False,False,0,False,False,0,False,False,None,None,,
0x40186e,"Sub64(t2,0x0000000000000080)",Iop_Sub64,64,2,<BV64 0x7fffffffffefc18>,128,0,False,False,0,False,False,0,False,False,None,None,,
0x401873,"Add64(t40,0xffffffffffffff00)",Iop_Add64,64,2,<BV64 0x7fffffffffefe10>,18446744073709551360,0,False,False,0,False,False,0,False,False,None,None,,
0x40187a,"Add64(t42,0xfffffffffffffec0)",Iop_Add64,64,2,<BV64 0x7fffffffffefe10>,18446744073709551296,0,False,False,0,False,False,0,False,False,None,None,,
0x401881,"Add64(t45,0xffffffffffffff00)",Iop_Add64,64,2,<BV64 0x7fffffffffefe10>,18446744073709551360,0,False,False,0,False,False,0,False,False,None,None,,
0x401888,"Add64(t5,t4)",Iop_Add64,64,2,<BV64 0x7fffffffffefd10>,<BV64 0x78>,0,False,False,0,False,False,0,False,False,None,None,,
0x40188c,"Add64(t47,0xfffffffffffffec8)",Iop_Add64,64,2,<BV64 0x7fffffffffefe10>,18446744073709551304,0,False,False,0,False,False,0,False,False,None,None,,
0x401893,"Add64(t50,0xffffffffffffff00)",Iop_Add64,64,2,<BV64 0x7fffffffffefe10>,18446744073709551360,0,False,False,0,False,False,0,False,False,None,None,,
0x40189a,"Add64(t8,t9)",Iop_Add64,64,2,<BV64 0x7fffffffffefd10>,<BV64 0xa0>,0,False,False,0,False,False,0,False,False,None,None,,
0x4018a0,"Add64(t52,0xfffffffffffffed0)",Iop_Add64,64,2,<BV64 0x7fffffffffefe10>,18446744073709551312,0,False,False,0,False,False,0,False,False,None,None,,
0x4018a7,"Add64(t55,0xffffffffffffff00)",Iop_Add64,64,2,<BV64 0x7fffffffffefe10>,18446744073709551360,0,False,False,0,False,False,0,False,False,None,None,,
0x4018ae,"Add64(t13,t14)",Iop_Add64,64,2,<BV64 0x7fffffffffefd10>,<BV64 0xc8>,0,False,False,0,False,False,0,False,False,None,None,,
0x4018b4,"Add64(t57,0xfffffffffffffed8)",Iop_Add64,64,2,<BV64 0x7fffffffffefe10>,18446744073709551320,0,False,False,0,False,False,0,False,False,None,None,,
0x4018bb,"Add64(t60,0xfffffffffffffe28)",Iop_Add64,64,2,<BV64 0x7fffffffffefe10>,18446744073709551144,0,False,False,0,False,False,0,False,False,None,None,,
0x4018c2,"Add64(t63,0xfffffffffffffee0)",Iop_Add64,64,2,<BV64 0x7fffffffffefe10>,18446744073709551328,0,False,False,0,False,False,0,False,False,None,None,,
0x4018c9,"Add64(t66,0xfffffffffffffe28)",Iop_Add64,64,2,<BV64 0x7fffffffffefe10>,18446744073709551144,0,False,False,0,False,False,0,False,False,None,None,,
0x4018d0,"Add64(t22,t21)",Iop_Add64,64,2,<BV64 0x7fffffffffefe20>,<BV64 0x28>,0,False,False,0,False,False,0,False,False,None,None,,
0x4018d4,"Add64(t69,0xfffffffffffffee8)",Iop_Add64,64,2,<BV64 0x7fffffffffefe10>,18446744073709551336,0,False,False,0,False,False,0,False,False,None,None,,
0x4018db,"Add64(t72,0xfffffffffffffe28)",Iop_Add64,64,2,<BV64 0x7fffffffffefe10>,18446744073709551144,0,False,False,0,False,False,0,False,False,None,None,,
0x4018e2,"Add64(t27,t26)",Iop_Add64,64,2,<BV64 0x7fffffffffefe20>,<BV64 0x50>,0,False,False,0,False,False,0,False,False,None,None,,
0x4018e6,"Add64(t75,0xfffffffffffffef0)",Iop_Add64,64,2,<BV64 0x7fffffffffefe10>,18446744073709551344,0,False,False,0,False,False,0,False,False,None,None,,
0x4018ed,"Add64(t78,0xfffffffffffffe28)",Iop_Add64,64,2,<BV64 0x7fffffffffefe10>,18446744073709551144,0,False,False,0,False,False,0,False,False,None,None,,
0x4018f4,"Add64(t32,t31)",Iop_Add64,64,2,<BV64 0x7fffffffffefe20>,<BV64 0x78>,0,False,False,0,False,False,0,False,False,None,None,,
0x4018f8,"Add64(t81,0xfffffffffffffef8)",Iop_Add64,64,2,<BV64 0x7fffffffffefe10>,18446744073709551352,0,False,False,0,False,False,0,False,False,None,None,,
0x4018ff,"Add64(t84,0xfffffffffffffed8)",Iop_Add64,64,2,<BV64 0x7fffffffffefe10>,18446744073709551320,0,False,False,0,False,False,0,False,False,None,None,,
0x401906,"Add64(t87,0xfffffffffffffec0)",Iop_Add64,64,2,<BV64 0x7fffffffffefe10>,18446744073709551296,0,False,False,0,False,False,0,False,False,None,None,,
0x40190d,"Add64(t90,0xfffffffffffffee0)",Iop_Add64,64,2,<BV64 0x7fffffffffefe10>,18446744073709551328,0,False,False,0,False,False,0,False,False,None,None,,
0x40191a,"Sub64(t95,0x0000000000000008)",Iop_Sub64,64,2,<BV64 0x7fffffffffefc20>,8,0,False,False,0,False,False,0,False,False,None,None,,
0x40191a,"Sub64(t37,0x0000000000000080)",Iop_Sub64,64,2,<BV64 0x7fffffffffefc18>,128,0,False,False,0,False,False,0,False,False,None,None,,
0x40191f,"Add64(t6,0xfffffffffffffec8)",Iop_Add64,64,2,<BV64 0x7fffffffffefe10>,18446744073709551304,0,False,False,0,False,False,0,False,False,None,None,,
0x401926,"Add64(t9,0xfffffffffffffed0)",Iop_Add64,64,2,<BV64 0x7fffffffffefe10>,18446744073709551312,0,False,False,0,False,False,0,False,False,None,None,,
0x40192d,"Add64(t12,0xfffffffffffffee8)",Iop_Add64,64,2,<BV64 0x7fffffffffefe10>,18446744073709551336,0,False,False,0,False,False,0,False,False,None,None,,
0x40193a,"Sub64(t17,0x0000000000000008)",Iop_Sub64,64,2,<BV64 0x7fffffffffefc20>,8,0,False,False,0,False,False,0,False,False,None,None,,
0x40193a,"Sub64(t3,0x0000000000000080)",Iop_Sub64,64,2,<BV64 0x7fffffffffefc18>,128,0,False,False,0,False,False,0,False,False,None,None,,
0x40193f,"Add64(t6,0xfffffffffffffec8)",Iop_Add64,64,2,<BV64 0x7fffffffffefe10>,18446744073709551304,0,False,False,0,False,False,0,False,False,None,None,,
0x401946,"Add64(t9,0xfffffffffffffec0)",Iop_Add64,64,2,<BV64 0x7fffffffffefe10>,18446744073709551296,0,False,False,0,False,False,0,False,False,None,None,,
0x40194d,"Add64(t12,0xfffffffffffffef8)",Iop_Add64,64,2,<BV64 0x7fffffffffefe10>,18446744073709551352,0,False,False,0,False,False,0,False,False,None,None,,
0x40195a,"Sub64(t17,0x0000000000000008)",Iop_Sub64,64,2,<BV64 0x7fffffffffefc20>,8,0,False,False,0,False,False,0,False,False,None,None,,
0x40195a,"Sub64(t3,0x0000000000000080)",Iop_Sub64,64,2,<BV64 0x7fffffffffefc18>,128,0,False,False,0,False,False,0,False,False,None,None,,
0x40195f,"Add64(t6,0xfffffffffffffed0)",Iop_Add64,64,2,<BV64 0x7fffffffffefe10>,18446744073709551312,0,False,False,0,False,False,0,False,False,None,None,,
0x401966,"Add64(t9,0xfffffffffffffed8)",Iop_Add64,64,2,<BV64 0x7fffffffffefe10>,18446744073709551320,0,False,False,0,False,False,0,False,False,None,None,,
0x40196d,"Add64(t12,0xfffffffffffffef0)",Iop_Add64,64,2,<BV64 0x7fffffffffefe10>,18446744073709551344,0,False,False,0,False,False,0,False,False,None,None,,
0x40197a,"Sub64(t17,0x0000000000000008)",Iop_Sub64,64,2,<BV64 0x7fffffffffefc20>,8,0,False,False,0,False,False,0,False,False,None,None,,
0x40197a,"Sub64(t3,0x0000000000000080)",Iop_Sub64,64,2,<BV64 0x7fffffffffefc18>,128,0,False,False,0,False,False,0,False,False,None,None,,
0x401980,"Add64(t6,0xfffffffffffffff8)",Iop_Add64,64,2,<BV64 0x7fffffffffefe10>,18446744073709551608,0,False,False,0,False,False,0,False,False,None,None,,
0x401984,"Add64(0x0000000000000028,t9)",Iop_Add64,64,2,40,<BV64 0x710000>,0,False,False,0,False,False,0,False,False,None,None,,
0x401984,"Xor64(t3,t2)",Iop_Xor64,64,2,<BV64 0x5f43414e41525900>,<BV64 0x5f43414e41525900>,0,False,False,0,False,False,0,False,False,None,None,,
0x401994,"Add64(t0,0x0000000000000008)",Iop_Add64,64,2,<BV64 0x7fffffffffefe10>,8,0,False,False,0,False,False,0,False,False,None,None,,
0x401995,"Add64(t2,0x0000000000000008)",Iop_Add64,64,2,<BV64 0x7fffffffffefe18>,8,0,False,False,0,False,False,0,False,False,None,None,,
0x401995,"Sub64(t4,0x0000000000000080)",Iop_Sub64,64,2,<BV64 0x7fffffffffefe20>,128,0,False,False,0,False,False,0,False,False,None,None,,
